batch_size,e2e_p50_seconds,e2e_p95_seconds,gpu_p50_seconds,gpu_p95_seconds,measured_steps,method,peak_allocated_mb,peak_reserved_mb,precision,repeat,resource_scope,samples_per_second_e2e,samples_per_second_gpu,scheduler_context,task,warmup_steps
64,0.18556289999105502,0.22797026598709635,0.1855078430175781,0.2278654022216797,500,FFFF,8198.46435546875,8502.0,bf16,0,task-shaped fixed synthetic tensors; training kernel only,344.8965283636174,344.99889039158074,serial_exclusive_gpu,imagenet100,100
64,0.18500923848478124,0.194842774013523,0.1849646072387695,0.19479962158203126,500,FFFF,8196.86669921875,8642.0,bf16,1,task-shaped fixed synthetic tensors; training kernel only,345.9286710445252,346.01214229802815,serial_exclusive_gpu,imagenet100,100
64,0.18521494799642824,0.19140028301626444,0.18516941070556642,0.19135795593261717,500,FFFF,8196.84716796875,8526.0,bf16,2,task-shaped fixed synthetic tensors; training kernel only,345.54446437678564,345.6294414727329,serial_exclusive_gpu,imagenet100,100
64,0.24506568048673216,0.2719804839871358,0.2450001907348633,0.271935302734375,500,FFFF-AC,2420.46142578125,2974.0,bf16,0,task-shaped fixed synthetic tensors; training kernel only,261.1544785581062,261.2242864302916,serial_exclusive_gpu,imagenet100,100
64,0.2446582905104151,0.25780443401890807,0.24460851287841795,0.2577510375976563,500,FFFF-AC,2418.52392578125,2698.0,bf16,1,task-shaped fixed synthetic tensors; training kernel only,261.58933697476937,261.64257019056015,serial_exclusive_gpu,imagenet100,100
64,0.24399373400956392,0.25271100498503074,0.2439341735839844,0.2526648254394531,500,FFFF-AC,2417.11767578125,2714.0,bf16,2,task-shaped fixed synthetic tensors; training kernel only,262.30181795361744,262.3658631330118,serial_exclusive_gpu,imagenet100,100
64,0.15643848999752663,0.18306951300473884,0.15638835144042967,0.18296823120117187,500,DDDD,5941.24169921875,6230.0,bf16,0,task-shaped fixed synthetic tensors; training kernel only,409.10648013165985,409.2376408506258,serial_exclusive_gpu,imagenet100,100
64,0.15646301851666067,0.16235820000292733,0.15641892242431643,0.16231321716308594,500,DDDD,5937.52294921875,6248.0,bf16,1,task-shaped fixed synthetic tensors; training kernel only,409.0423450010654,409.15765821725637,serial_exclusive_gpu,imagenet100,100
64,0.1562582049955381,0.19012483800179325,0.1562077178955078,0.1900247039794922,500,DDDD,5937.35498046875,6240.0,bf16,2,task-shaped fixed synthetic tensors; training kernel only,409.5784922259122,409.7108700020289,serial_exclusive_gpu,imagenet100,100
64,0.16412189950642642,0.17195345400250517,0.16407908630371093,0.17191116333007814,500,SSSS,8128.40185546875,8578.0,bf16,0,task-shaped fixed synthetic tensors; training kernel only,389.9540536178963,390.05580444015754,serial_exclusive_gpu,imagenet100,100
64,0.1642080555029679,0.17241203598678112,0.16416050720214845,0.1723678741455078,500,SSSS,8133.47998046875,8532.0,bf16,1,task-shaped fixed synthetic tensors; training kernel only,389.7494541541737,389.86234320773593,serial_exclusive_gpu,imagenet100,100
64,0.16379674249037635,0.16991078801220283,0.16375183868408205,0.16981312561035156,500,SSSS,8129.01123046875,8586.0,bf16,2,task-shaped fixed synthetic tensors; training kernel only,390.728161176711,390.8353061211843,serial_exclusive_gpu,imagenet100,100
64,0.13406800550001208,0.1379910630057566,0.13402761840820313,0.13794898986816406,500,OOOO,5870.72216796875,6202.0,bf16,0,task-shaped fixed synthetic tensors; training kernel only,477.36967340797975,477.51352116902865,serial_exclusive_gpu,imagenet100,100
64,0.13418801949592307,0.15805142401950434,0.13414653015136718,0.1580091552734375,500,OOOO,5872.07763671875,6160.0,bf16,1,task-shaped fixed synthetic tensors; training kernel only,476.94272737920886,477.0902380239295,serial_exclusive_gpu,imagenet100,100
64,0.1343116845091572,0.14338911199592985,0.13426329803466797,0.14334230041503906,500,OOOO,5872.28466796875,6198.0,bf16,2,task-shaped fixed synthetic tensors; training kernel only,476.5035911349661,476.6753158668472,serial_exclusive_gpu,imagenet100,100
2,0.5172344869934022,0.5299969420011621,0.5171695861816406,0.5299312744140625,500,FFFF,2902.294921875,3234.0,bf16,0,task-shaped fixed synthetic tensors; training kernel only,3.86671819125145,3.8672034346922306,serial_exclusive_gpu,loveda,100
2,0.5267590434959857,0.5576563339855056,0.5266943054199218,0.5575946044921875,500,FFFF,2908.326171875,3092.0,bf16,1,task-shaped fixed synthetic tensors; training kernel only,3.7968023989231074,3.79726907889282,serial_exclusive_gpu,loveda,100
2,0.5264088395051658,0.5387766810017638,0.5263432006835937,0.5387028198242187,500,FFFF,2900.482421875,3080.0,bf16,2,task-shaped fixed synthetic tensors; training kernel only,3.799328297526382,3.7998021013712706,serial_exclusive_gpu,loveda,100
2,0.5891178485035198,0.6026406299788505,0.5890503845214843,0.602576904296875,500,FFFF-AC,1772.04296875,1990.0,bf16,0,task-shaped fixed synthetic tensors; training kernel only,3.3949064776774467,3.3952952965554926,serial_exclusive_gpu,loveda,100
2,0.5906945305032423,0.602342302998295,0.590627197265625,0.6022778930664062,500,FFFF-AC,1773.06640625,2038.0,bf16,1,task-shaped fixed synthetic tensors; training kernel only,3.3858447923939634,3.386230788658607,serial_exclusive_gpu,loveda,100
2,0.5890989320032531,0.60003582801437,0.5890359191894532,0.5999686889648438,500,FFFF-AC,1771.63671875,1966.0,bf16,2,task-shaped fixed synthetic tensors; training kernel only,3.3950154911992874,3.395378676994967,serial_exclusive_gpu,loveda,100
2,0.4944072765065357,0.511013285984518,0.494326904296875,0.5109295654296875,500,DDDD,2524.693359375,2710.0,bf16,0,task-shaped fixed synthetic tensors; training kernel only,4.045247906001564,4.045905619571278,serial_exclusive_gpu,loveda,100
2,0.4939717715024017,0.5063592600054108,0.49388485717773434,0.5062625427246094,500,DDDD,2527.787109375,2730.0,bf16,1,task-shaped fixed synthetic tensors; training kernel only,4.048814356166658,4.04952687034958,serial_exclusive_gpu,loveda,100
2,0.49366732500493526,0.5041666069882922,0.49358886718749995,0.5040752563476563,500,DDDD,2522.974609375,2708.0,bf16,2,task-shaped fixed synthetic tensors; training kernel only,4.051311275219614,4.051955246470862,serial_exclusive_gpu,loveda,100
2,0.49846492399228737,0.5080097449827008,0.49838958740234374,0.5079306335449219,500,SSSS,2891.05712890625,3074.0,bf16,0,task-shaped fixed synthetic tensors; training kernel only,4.012318427506738,4.012924929720541,serial_exclusive_gpu,loveda,100
2,0.5049228999996558,0.5212163459800649,0.5048482513427734,0.52112890625,500,SSSS,2894.08837890625,3074.0,bf16,1,task-shaped fixed synthetic tensors; training kernel only,3.9610007785374033,3.9615864661915476,serial_exclusive_gpu,loveda,100
2,0.5007709829951636,0.5108293769881129,0.5006868591308594,0.5107508544921875,500,SSSS,2895.21337890625,3074.0,bf16,2,task-shaped fixed synthetic tensors; training kernel only,3.993841632032652,3.994512665005415,serial_exclusive_gpu,loveda,100
2,0.46516633848659694,0.494945974991424,0.4650876007080078,0.4948746337890625,500,OOOO,2515.11181640625,2724.0,bf16,0,task-shaped fixed synthetic tensors; training kernel only,4.299537250496098,4.300265147803078,serial_exclusive_gpu,loveda,100
2,0.4597331669938285,0.47031218599295244,0.4596812896728516,0.4702568359375,500,OOOO,2512.67431640625,2690.0,bf16,1,task-shaped fixed synthetic tensors; training kernel only,4.350349601874272,4.350840560474781,serial_exclusive_gpu,loveda,100
2,0.4543773865007097,0.463424577988917,0.45432679748535154,0.4633710632324219,500,OOOO,2518.22900390625,2704.0,bf16,2,task-shaped fixed synthetic tensors; training kernel only,4.401627500440927,4.402117619012962,serial_exclusive_gpu,loveda,100
